S0-T0, S0-T1, S0-T2, S0-T3, S0-T4, S0-T5, S0-T6, S0-T7, S0-T8, S0-T9, S1-T0, S1-T1, S1-T2, S1-T3, S1-T4, S1-T5, S1-T6, S1-T7, S1-T8, S1-T9, 
,,,,,,,,,,,,,,,,,,,,
,,,,,,,,,,,,,,,,,,,,
dont (0.0039786792894703415), fit (0.00396322806332038), fit (0.003956787145082872), look (0.003900199571604261), time (0.003982465706798412), dont (0.003921951889694731), fit (0.0039593618865392775), look (0.003984939492584249), much (0.003888192840370112), fit (0.003949331888220406), review (0.004149636850852329), phone (0.004235665881364078), month (0.004224854988829328), wast (0.004127991963716634), bass (0.003880243635888174), wast (0.004022552192229323), back (0.00385906283521727), phone (0.0041412430306821055), back (0.004256820117784549), tri (0.004205945873687729), 
,,,,,,,,,,,,,,,,,,,,
review (0.003952763010297119), time (0.003955449401737621), time (0.0038165811404385986), even (0.003847407170492002), fit (0.0038474450737413634), fit (0.00390546777241942), dont (0.003926790630371958), phone (0.003977092549021804), dont (0.0038316898688572185), time (0.0038644140669858436), wast (0.004071875336552517), cord (0.004183767063127991), better (0.00416209978050083), day (0.004098985430022839), headset (0.003825430845646859), return (0.003746767553281871), bad (0.0038198459993884076), much (0.004032856078591502), wast (0.0042237130311479085), music (0.004150735406963715), 
,,,,,,,,,,,,,,,,,,,,
fit (0.0039193377613474965), dont (0.0039048881014496868), dont (0.003806655051614225), fit (0.0037971900084583904), dont (0.003806295928428739), time (0.003758378725962796), look (0.003767842900275438), review (0.0037848424317419214), time (0.0038093514847707256), review (0.0037572869694283955), month (0.003990579207966349), even (0.004161759336407625), buy (0.004076307850127692), volum (0.003930022371256479), music (0.003822923070929936), come (0.0036949379575632085), music (0.0038144694977021924), headset (0.003998052928837639), music (0.004013465965496662), even (0.004057968983223947), 
,,,,,,,,,,,,,,,,,,,,
time (0.003736794017186926), review (0.003815433493247957), review (0.003670171330279092), time (0.0037328090314922217), even (0.0037522876752059202), even (0.003679762166649773), time (0.003746997296328353), time (0.0037547624814192183), review (0.00374759242288454), dont (0.0036998041365926917), could (0.0038896820365194847), well (0.004104604941641301), review (0.0040659810436938885), well (0.00388868806074282), month (0.0038100259438143325), back (0.0036805408476413577), better (0.003775568926678402), cabl (0.003961592486238353), return (0.0038622655595169503), back (0.004042240420029315), 
,,,,,,,,,,,,,,,,,,,,
phone (0.00369711358974467), even (0.0037389433210174923), even (0.003668930569176045), phone (0.0036491137614362017), review (0.003579975629209306), phone (0.003679762166649773), even (0.003710517489420955), dont (0.003705065172190405), even (0.0036556108413519227), even (0.003652772727908934), headset (0.00377368242221274), audio (0.003976500263716783), wast (0.004050093649180344), replac (0.0038778106106076467), phone (0.0037423160264574143), volum (0.0036421485545164224), bose (0.0036582346839968867), make (0.0037478017091789055), bad (0.0038182365473919326), money (0.004014956177752913), 
,,,,,,,,,,,,,,,,,,,,
even (0.003624338583581478), phone (0.0037389433210174923), phone (0.0036577637192486256), review (0.0036104851752565004), phone (0.003538826483896682), littl (0.0036442579140567952), review (0.0036948832864606416), make (0.003605670553732778), make (0.0036135621183655832), phone (0.0035861448989402776), audio (0.003730624393633505), wast (0.003967303004788868), headset (0.003844749075092788), bad (0.0038767228655941293), audio (0.0037369422234925795), earphon (0.0036405488756362167), bass (0.0036051021967448797), also (0.003714655852270464), earbud (0.0035909239731650978), day (0.003970017425768251), 
,,,,,,,,,,,,,,,,,,,,
make (0.0035899213239457993), high (0.003588555863750816), littl (0.0035845588141688724), realli (0.0035267899052004808), make (0.00351825191124037), review (0.003625237778739128), make (0.0035854438657384477), even (0.0035847453708995934), phone (0.0035426048983261357), littl (0.003462034237135917), music (0.00370781006505794), music (0.0038651477359823933), music (0.0038165489498312474), set (0.003809282674756054), replac (0.0037179547863501632), earbud (0.0035708028764592508), wast (0.003600674489473879), could (0.0036533360169898475), much (0.0035045724997726214), first (0.003797966203884114), 
,,,,,,,,,,,,,,,,,,,,
set (0.0034911473710522124), littl (0.0035224372402973634), make (0.003582077291962779), make (0.003513913709807247), realli (0.00346681547959959), make (0.00357832144495555), littl (0.0035242099041438864), set (0.0034448082107026716), set (0.003449309294200195), set (0.0034267606806230987), also (0.003696884893627388), earbud (0.003783357826230585), disappoint (0.0038141658406542155), first (0.0037820890494181204), volum (0.0036556186719580797), bose (0.0035423285923915906), two (0.0035788522179239475), audio (0.0036006341045054257), plug (0.0034875069911970333), replac (0.0037488545677865897), 
,,,,,,,,,,,,,,,,,,,,
volum (0.003447774459389636), make (0.003518547909505984), realli (0.003556021308798799), high (0.0034482451133017547), littl (0.0034230945127049265), realli (0.0034210883263295043), realli (0.0034304046863820057), realli (0.0034173439082341166), high (0.0034348550456736408), make (0.0034176156844901457), bose (0.0036625027364782974), earphon (0.0037639778877753376), cord (0.003797881261277833), earphon (0.003746556045643221), return (0.0036076126988055556), last (0.003525371996261411), look (0.003577903423508733), week (0.003552241153419101), phone (0.0034827286487958686), month (0.003727027173965468), 
,,,,,,,,,,,,,,,,,,,,
realli (0.0034104500573267646), realli (0.003273520069649072), high (0.0033984446487118724), littl (0.003446957493762431), high (0.0033973762968845366), cord (0.0034008001819906594), high (0.0033639593238006735), high (0.003384648310057266), realli (0.003411202638993825), realli (0.003413696400433166), much (0.0035905251364652477), bad (0.003544557567637957), set (0.0037859657153926753), week (0.0037403921572332893), first (0.003600805881716765), music (0.0035154539872041357), earphon (0.003548807061442158), first (0.0035214155064942506), disappoint (0.003412760063635957), bose (0.003688187252607295), 
,,,,,,,,,,,,,,,,,,,,
littl (0.0033641011136060187), come (0.0032449983105122884), set (0.0032954614771589993), audio (0.003276991714571745), set (0.003378087635019244), set (0.0033614919023341482), set (0.003284485458752414), littl (0.003380724838276044), hear (0.003325791170427823), audio (0.003251699326078001), volum (0.003491234607875818), listen (0.0034424022988314815), could (0.0037565740355426187), could (0.0037106604601971484), week (0.0035882670081321504), replac (0.0035135343725478893), earbud (0.003523822141841512), set (0.0035157807108198154), bass (0.0033912575228307157), price (0.0036467794025642846), 
,,,,,,,,,,,,,,,,,,,,
high (0.0033615384193337065), set (0.003221662325764011), cord (0.0032582386440675997), volum (0.0032718412364144515), come (0.003339510311288659), high (0.0033576878752706145), cord (0.003215434395677696), cord (0.0033349510008284524), come (0.003308708876714623), come (0.003224264337679142), week (0.003478060136444858), first (0.0034207230456442554), listen (0.0036683989959924493), audio (0.003634155727579762), purchas (0.003569279570989734), day (0.0034793012445114885), well (0.003480810128351792), wast (0.0035111402908526335), could (0.0033888683516301336), could (0.003600556686237203), 
,,,,,,,,,,,,,,,,,,,,
cord (0.00335841083008739), volum (0.003181472574253089), come (0.0032061266777396397), set (0.003270553616875128), volum (0.0032572120206634104), come (0.0033412037579953033), volum (0.0032050115937041538), come (0.0032891771633808613), littl (0.003257461995575022), high (0.003212506485508203), replac (0.0034697055935862), look (0.0034171098367797178), earbud (0.003653703156067421), last (0.0036026111221877594), two (0.00355315816209523), week (0.0034597851621729794), also (0.0034052228399397105), listen (0.0035094829980072116), cord (0.00336497663962431), disappoint (0.0035591488361941927), 
,,,,,,,,,,,,,,,,,,,,
come (0.0033435031139441534), best (0.003159433033101938), audio (0.0031651815613390998), cord (0.0032589650410212176), audio (0.003182629194784279), audio (0.0031979187386022134), nice (0.0031633203858099845), volum (0.0032368642062978997), earphon (0.0032140992499953593), cord (0.0032112000574892096), set (0.0034436779792957673), price (0.0033937882159267925), price (0.0035722802591855083), back (0.0034898482224531287), wast (0.0035467095985374283), audio (0.0034466677953552934), return (0.0033856144220252796), music (0.0034670563011644064), headset (0.0033400609971039512), return (0.0035029753962133644), 
,,,,,,,,,,,,,,,,,,,,
nice (0.0032055860727299252), hear (0.0031075752892168775), earphon (0.003115551117217233), come (0.00322548693299881), cord (0.003169770086874084), volum (0.003176362585242191), come (0.003104692124708809), audio (0.003215939023464715), volum (0.0031641663914490814), earphon (0.0031968293492802835), return (0.0034202209935772286), week (0.0033576561272814155), right (0.0035532153857692553), phone (0.003465192668813402), set (0.003516258048403364), much (0.0034444282449230053), phone (0.003283460889987195), look (0.003417668974370829), two (0.003282720888289975), side (0.0034878888151899418), 
,,,,,,,,,,,,,,,,,,,,
audio (0.003141284491176798), earphon (0.0030842393044686), nice (0.003074606000816693), nice (0.0030825611641339145), hear (0.003068183134383543), nice (0.0031383223146068573), head (0.0030017669552200787), nice (0.0031636260663817535), nice (0.0030945231940029566), nice (0.003192910065223304), bass (0.0033800549221413754), volum (0.003348458868353501), two (0.003478941816418437), earbud (0.0034046415297276033), much (0.0035112424989695184), phone (0.003433870364313648), much (0.0032771355938857652), earbud (0.0034087195930055498), listen (0.0032308417422201867), volum (0.003485320886505104), 
,,,,,,,,,,,,,,,,,,,,
want (0.003092262629774178), audio (0.0030751641992887145), best (0.00303117936221006), head (0.003002728752695865), best (0.003068183134383543), hear (0.0030039133583620115), want (0.0030017669552200787), earphon (0.0031270069964236804), cord (0.003084011013256372), volum (0.0031092986720077345), first (0.0033549912935654028), could (0.0033261226680999954), last (0.003470203749435988), right (0.0033883253545248433), well (0.0034073489749827128), well (0.0034239523552563734), purchas (0.0032746054754451935), price (0.0033543603876757056), realli (0.0032287938811911164), phone (0.0034166287941856913), 
,,,,,,,,,,,,,,,,,,,,
best (0.003038322048719862), cord (0.003069978424900208), hear (0.003028697840003967), around (0.002969250644673457), want (0.003057895848055387), around (0.002970945123811389), earphon (0.0029796185010263015), best (0.003000148075497499), audio (0.003023565973963509), best (0.0029864944382223674), make (0.0033472794078497187), much (0.0032771801116621663), first (0.0033323806020309934), much (0.003372734342664428), back (0.0033403555646877724), make (0.003397717621621001), volum (0.0032739729458350505), volum (0.0033119336908329004), make (0.0032182132658742516), week (0.00337586292631389), 
,,,,,,,,,,,,,,,,,,,,
head (0.003025439687727324), nice (0.003029788673389286), want (0.002991475006912567), best (0.0029537992102015766), ive (0.0030540381156823285), want (0.0029671410967478553), ive (0.0029587728970792166), head (0.0029478351184145375), want (0.0030209379287768627), head (0.0029616723058614952), earbud (0.0033100052935572466), return (0.0032348070258871333), also (0.0033236425350485444), purchas (0.0033640323825562895), amazon (0.003296290380376127), bud (0.003372762631089793), audio (0.0032720753570046218), return (0.0032960236795168485), look (0.003214800164159134), wast (0.003368480131344981), 
,,,,,,,,,,,,,,,,,,,,
hear (0.0029880050622548907), still (0.0030284922297921595), volum (0.00296790054595468), ive (0.0029409230148083427), nice (0.003042464918563153), best (0.0029531929975149), best (0.002952258645845753), earbud (0.002922986463800131), earbud (0.003007797702843632), hear (0.002885899480759886), well (0.003283013693552353), day (0.003222981978694101), make (0.003275583166645074), price (0.003274474709776695), disappoint (0.0032629728019941515), two (0.0033074957327774027), come (0.0032401326116924035), bass (0.0032575744855030567), also (0.0032110457522725043), listen (0.0033659122026601434), 
,,,,,,,,,,,,,,,,,,,,
earbud (0.0029327004665072472), earbud (0.003027195786195033), still (0.0029554929349242137), hear (0.0029370601561903727), earbud (0.0030038875948325675), still (0.002916420735900744), earbud (0.00295095579559906), around (0.0029164473441647605), head (0.002995971499503724), ive (0.002880673768683913), back (0.0032820497078378925), realli (0.003206886775570251), purchas (0.0032541351840517894), listen (0.0032672230763532463), bud (0.0032063687440978916), devic (0.00329821759527221), first (0.0032268494898794018), replac (0.0032479621869996086), come (0.003192615003010869), last (0.0033328501208428557), 
,,,,,,,,,,,,,,,,,,,,
around (0.0029049930569286443), head (0.002999970470655376), head (0.00291578857962672), want (0.002917745863100522), head (0.0029730257358480997), head (0.0028974006005830773), hear (0.002907961737458198), want (0.0029164473441647605), best (0.002940782550584153), product (0.002857158064342034), two (0.003195290993536449), disappoint (0.0031543310102678844), replac (0.003177081320661101), poor (0.0032664979130109014), year (0.00319992018054009), amazon (0.0032585455590431103), cord (0.0032113525144308996), cord (0.003237355512788907), price (0.0031557535044875987), amazon (0.0033039609231384297), 
,,,,,,,,,,,,,,,,,,,,
earphon (0.002892028028378935), want (0.002989598921878364), ive (0.00288973259646274), still (0.0028765420378421736), earphon (0.0029421638768636314), earphon (0.002892328564498366), still (0.0028858132832644207), product (0.0029086004006023164), ive (0.002911874053531045), around (0.002846706640190088), last (0.0031827591792484627), got (0.003142177489541712), phone (0.0031349797252002093), disappoint (0.0032664979130109014), poor (0.003192038602858332), cord (0.0032291114676473265), week (0.003171819413796966), amazon (0.003214816330091167), first (0.003149609921400387), look (0.003268972894807514), 
,,,,,,,,,,,,,,,,,,,,
tri (0.0028424137161499204), product (0.002929962516410544), earbud (0.0028475467189591538), case (0.002857227744752323), bit (0.0028958710883869292), ive (0.00288979254645601), audio (0.0028519391768504084), hear (0.0029072925766752424), around (0.0028304046527450125), bit (0.002833642360000155), hear (0.003152232964957214), bud (0.0031080162420951737), well (0.0031246529187664057), amazon (0.0032632346779703494), last (0.0031583627709453675), bass (0.003205756155996324), set (0.003163280264060036), well (0.0031975804844987777), day (0.0031332270331678224), two (0.0032192192765387803), 
,,,,,,,,,,,,,,,,,,,,
ive (0.002836888767745634), ive (0.002872918998136977), bit (0.0028115646469708006), earphon (0.0027954220068648005), still (0.0028290037272539147), case (0.0028809164833077656), around (0.002799825166982697), ive (0.0028484404999569108), still (0.0027568193875189186), want (0.002816658795753243), realli (0.0030976071078044533), replac (0.0030866654624410873), star (0.0031167092215096336), music (0.0032527198095063485), piec (0.0031569297568214117), set (0.0031705632206318), price (0.0031405091980948904), day (0.0031952602745151867), right (0.0031185506957928165), cord (0.003202848731172939), 
,,,,,,,,,,,,,,,,,,,,
still (0.0027776299071799603), around (0.0028586581185685855), product (0.0027495265918184675), earbud (0.0027941343873254774), tri (0.0027865686711502713), earbud (0.002873308429180699), product (0.002765951060568684), case (0.0028458248521027623), tri (0.00273185295824578), earbud (0.0027866109513163977), day (0.0030484438363669684), purchas (0.003068270944585259), soni (0.003089700650836609), cord (0.003249819156136969), day (0.003121462657253502), purchas (0.0031542464960537028), disappoint (0.003131021253942746), right (0.003165429003297589), volum (0.0031096766313335107), well (0.003174280524554118), 
,,,,,,,,,,,,,,,,,,,,
product (0.002771305839056351), bit (0.002765314179575476), around (0.002732155936375814), bit (0.0027542181816064526), case (0.0027762813848221154), tri (0.0027782077525923647), case (0.0027294712536612862), still (0.002797435366801023), product (0.0027173987097192254), case (0.002765708103012505), bud (0.003033984050650061), also (0.003036409011870699), thing (0.0030626920801635838), bass (0.0032418423593711747), cord (0.003099250938332185), realli (0.003122892790001672), still (0.0029577081407635808), side (0.0030159411886405184), amazon (0.0031083113906474635), also (0.0031508481753049723), 
,,,,,,,,,,,,,,,,,,,,
bit (0.002763011527486824), feel (0.0027458675256185785), tri (0.002657710270193014), product (0.002711726736808781), product (0.0027762813848221154), product (0.0026957871662158087), tri (0.0027138370507009727), bit (0.002647035615187509), case (0.002700316416006025), still (0.0027121445542337814), right (0.0030034578363588127), made (0.0029904227172311286), look (0.003034094770039205), return (0.0032121106623350343), earphon (0.003096743163615262), first (0.0031158542029287675), day (0.0029399973116795786), thing (0.002978817828903064), set (0.003040731976688134), bass (0.0031492432198769486), 
,,,,,,,,,,,,,,,,,,,,
case (0.0026076791875618275), bought (0.0027095671048990356), case (0.0026403396147503607), feel (0.0025945533587303535), around (0.00271198584527114), bit (0.002693251148173453), bit (0.002695597147247274), tri (0.0025907991863233252), bit (0.002639871376713162), feel (0.0026912417059298892), listen (0.0029851421077840634), batteri (0.002974984461173558), week (0.002997950947520892), two (0.0032041338655692405), make (0.003096026656553284), look (0.003112334909392315), listen (0.002936834663628864), still (0.002968542613261447), last (0.0030113793019381227), know (0.0030834400473279786), 
,,,,,,,,,,,,,,,,,,,,
differ (0.002607444962816509), case (0.002655116473819722), feel (0.0025758200373919345), differ (0.00258940288057306), differ (0.0027081281128980813), differ (0.0026856430940463863), differ (0.002578340625044923), differ (0.0025698740034901407), differ (0.0025925665633535306), tri (0.002580195324315461), year (0.002958793164922143), cabl (0.002965787202245644), plug (0.0029641902341796113), receiv (0.003055112798717365), look (0.003091727614181416), also (0.0029888396998404396), cabl (0.0029238678066209334), call (0.002930093419247655), well (0.002974517803414852), audio (0.0030734893236742315), 
,,,,,,,,,,,,,,,,,,,,
feel (0.002571374352037403), differ (0.0026460413686398366), bought (0.002565893948567561), tri (0.0025816771633371195), bought (0.0026309734654369112), feel (0.002468813551424984), feel (0.0025666149728246876), feel (0.002547640996729882), feel (0.002584682427793592), differ (0.002548841051859623), disappoint (0.0029266603077734606), back (0.002962502466914246), back (0.002956643721785678), look (0.0029851345361810826), earbud (0.0030773974729418566), star (0.0029859602778560695), make (0.002915961186494147), year (0.002831650224229584), bose (0.0029315127218043696), make (0.0030295135449463833), 
,,,,,,,,,,,,,,,,,,,,
bought (0.0025156013067991214), tri (0.0025721440836036246), differ (0.0025423194876096743), buy (0.002555924772550652), feel (0.0025782511230051115), buy (0.00245993748827674), beat (0.002545769368877603), buy (0.002509714102844735), bought (0.0024427679877146967), buy (0.002520099635441771), look (0.0029250536649160263), still (0.002941808634326439), bud (0.0029558493520600005), got (0.0029612041458837012), come (0.00300216423143417), listen (0.002985000470527946), last (0.0028558708735305677), last (0.0028048020801337463), year (0.002918201625115411), plug (0.002993883534444258), 
,,,,,,,,,,,,,,,,,,,,
bose (0.002505515864824215), need (0.0023971241979915446), buy (0.0024343732716446144), bought (0.002518583805910274), buy (0.0025023823863349606), wear (0.0024548654521920287), buy (0.0025079867117235124), bought (0.002480941976449106), wear (0.0024388259199347273), design (0.0024782939388339866), cord (0.0029192697506292636), bass (0.002932611375398525), realli (0.002937181663506586), realli (0.002955402839144942), also (0.002989625357849555), bad (0.0029773220119029588), replac (0.0028552383439204247), come (0.002769998930379883), turn (0.0028984056351677285), right (0.0029271173886384733), 
,,,,,,,,,,,,,,,,,,,,
buy (0.0024512997252459944), buy (0.002395827754394418), wear (0.0024269287050263347), beat (0.0025005571323597465), wear (0.002386650415143205), bought (0.0024548654521920287), wear (0.0024389356486487945), design (0.0023959334211892938), buy (0.002432255806968112), bought (0.0024600039465680805), earphon (0.002834439007756741), seem (0.0028849827130932554), return (0.0029169252355018176), bose (0.0029307472855052154), cabl (0.002946993187661866), poor (0.0029456483700748873), way (0.002838476309251637), back (0.0027663528861199545), batteri (0.0028857771588217934), purchas (0.0029104258521870274), 
,,,,,,,,,,,,,,,,,,,,
wear (0.002422834529726654), wear (0.0023698988824518877), recommend (0.0023636498887709546), wear (0.002458065687562075), hour (0.0023673617532779124), bose (0.002423165226662584), design (0.0024389356486487945), right (0.002348851759814628), bose (0.0023888930613884495), recommend (0.0023763925533525116), fit (0.002824799150612136), set (0.0028639604069723087), day (0.0029073927987936913), piec (0.002909354966906041), listen (0.002944127159413954), plug (0.002928051902392625), around (0.0028141239192611333), disappoint (0.0027564091290474216), need (0.0028792922655630697), realli (0.0029081789145877944), 
,,,,,,,,,,,,,,,,,,,,
recommend (0.0024122668603349146), beat (0.002360823777272002), design (0.002330149338988695), cancel (0.0024464771117081647), beat (0.0023467871806216), recommend (0.0023940010191754947), hour (0.002388124489027776), wear (0.002342312640179258), beat (0.002333704112468879), bose (0.002375086125333518), still (0.00277981315060398), last (0.002832098474257749), earphon (0.0028541700271733188), wire (0.0028955768634014883), nois (0.002892896904482529), better (0.0028743026920177157), littl (0.002796413090177131), turn (0.002687797205246948), side (0.0028605202061299227), fit (0.002814449517591212), 
,,,,,,,,,,,,,,,,,,,,
design (0.002382093201967366), recommend (0.0023348949053294717), bose (0.002321464011267368), bose (0.002420724720921697), need (0.002326212607965288), right (0.0023458166763707386), bought (0.002388124489027776), need (0.0023318500487626657), right (0.002323191931722294), beat (0.0023711668412765385), purchas (0.002757320150599902), make (0.0027775718677565437), ive (0.0028263670867746168), charg (0.0028596812779554163), plug (0.0028753424814640686), receiv (0.002820233545866765), realli (0.0027379041012389094), piec (0.002655977182614844), bud (0.002847209109440964), littl (0.0027467203985286136), 
,,,,,,,,,,,,,,,,,,,,
cancel (0.002370657523225327), bose (0.002325819800149586), need (0.002314019444649088), recommend (0.0023447551681016177), rang (0.002285063462652664), hour (0.0023001683516083384), bose (0.002364673184587306), hour (0.002309617042002407), need (0.0023153077961623556), hour (0.0023254418606117743), cabl (0.002690162479159155), come (0.002776914920690264), year (0.002787442970216434), make (0.0028161714774147225), never (0.0028044082823282497), year (0.002819913610090724), connect (0.0027129191816382633), earphon (0.002633437999917104), replac (0.0028390176653246817), made (0.0027380536392172857), 
,,,,,,,,,,,,,,,,,,,,
right (0.0023504866392755138), cancel (0.002318041138566827), cancel (0.002311537922442995), design (0.002325440875011767), bose (0.0022773479979065468), need (0.0022989003425871605), thing (0.0023555532328604564), recommend (0.002300462274512889), hour (0.0023034815928224474), wear (0.002324135432592781), side (0.0026728107362988664), year (0.0027700169764943283), come (0.002769569651388697), bud (0.0027860771987074096), hear (0.0027571188162377035), price (0.0028035968855126265), got (0.00271007279839262), purchas (0.0025777529603109224), still (0.0028171738143479286), receiv (0.0027011396643727417), 
,,,,,,,,,,,,,,,,,,,,
way (0.002311687999109753), hour (0.0022752584998616517), beat (0.002304093355824715), soni (0.002285524669292742), thing (0.0022632029792053325), way (0.002296364324544805), need (0.002343827580640221), year (0.0022873840352421486), design (0.002281143208735955), right (0.0023149904364598278), come (0.002658350950581959), turn (0.0026928256962064773), left (0.002753682256875153), plug (0.0027766500752569256), batteri (0.002671496222331336), hear (0.0027530470328981285), feel (0.002692678234113689), wire (0.002540629600573468), fit (0.002795329963371176), cabl (0.002685732092263714), 
,,,,,,,,,,,,,,,,,,,,
hour (0.0023103928740474014), right (0.0022648869510846397), hour (0.0022867227003820615), thing (0.002252046561270334), year (0.0022490579605041177), year (0.0022874882613965605), cancel (0.002307347773732823), bose (0.002267766676336038), cancel (0.002273259073176016), say (0.0023123775804218412), design (0.002581874750568094), fit (0.00268855554027566), wire (0.002728659610516321), also (0.0027708487685181664), run (0.00265931560227771), still (0.002735130629439825), ive (0.0026835065547666163), littl (0.002533337512053611), purchas (0.00275744453433337), bud (0.00267257145775392), 
,,,,,,,,,,,,,,,,,,,,
rang (0.002292261123174482), thing (0.0022545154023076277), rang (0.0022681112838363617), right (0.002252046561270334), right (0.002237484763384942), beat (0.0022672001170577155), recommend (0.002302136372746052), beat (0.00225861190884652), clear (0.002271945050582693), year (0.002257507603624124), star (0.0025760908362813307), wire (0.0026816575960797247), hear (0.002704034149020328), year (0.002763234553423545), star (0.0026363873762944154), littl (0.0027338508863356606), bud (0.002679711377105759), got (0.002515107290753968), jack (0.0027420855766153406), earbud (0.0025968175615512035), 
,,,,,,,,,,,,,,,,,,,,
year (0.0022406076778685737), say (0.002233772304753603), clear (0.002237092256260195), hour (0.0022404579854164238), cancel (0.0022246256554747474), design (0.0022583240539094714), way (0.0023008335224993593), way (0.002232455430305039), say (0.0022390944857496155), rang (0.0022548947475861374), poor (0.0025131104362699124), doesnt (0.002649467189832025), bose (0.0026746424691702713), put (0.0027585209916983033), cheap (0.0026163251785590322), disappoint (0.002723932877278386), right (0.0026743348754195437), bud (0.002509472495079533), never (0.002703176217063), cancel (0.0025964965704655986), 
,,,,,,,,,,,,,,,,,,,,
need (0.0022129416020685564), year (0.002225993643170844), right (0.0022246846452297284), year (0.0022365951267984538), way (0.002209194725982513), thing (0.002235499891528271), rang (0.0022878050200324314), rang (0.0022115302474718544), recommend (0.002210185988696507), need (0.0022535883195671444), got (0.0024999359648389527), never (0.002596254477463379), way (0.0026655072173249836), side (0.002717549262855817), got (0.002610234868532219), right (0.002642669190163939), star (0.0026661119904876854), two (0.0025045006165432667), devic (0.0026338902522461114), got (0.0025852618824694328), 
,,,,,,,,,,,,,,,,,,,,
soni (0.002204192618934587), design (0.0022104363200053257), thing (0.0022172400786114486), say (0.0022250065509445433), say (0.0021847624209531424), rang (0.0022025316569776487), right (0.0022565366141118043), long (0.0022076067756906324), thing (0.002208871966103184), thing (0.002240524039377212), new (0.002441132836256863), two (0.002573589803676733), amazon (0.0026321436888465414), fit (0.0026823788407520895), wire (0.0026052193190983734), start (0.002624752786705636), amazon (0.002652196339064541), receiv (0.0025001916551451696), wire (0.002580645865490276), never (0.002541607094827189), 
,,,,,,,,,,,,,,,,,,,,
thing (0.002193666283321433), long (0.002158578576120265), way (0.002196147139859655), way (0.0022056922578546924), recommend (0.0021821905993711036), say (0.002199995638935293), long (0.002234388159918027), thing (0.0021749111775137813), pretti (0.002198359785356599), cancel (0.002209169766921373), around (0.002440811507685376), piec (0.0025036249411179573), volum (0.002582892765854555), way (0.002682016259080917), fit (0.0025794250648671665), differ (0.002618993942736896), head (0.002644289718937754), hear (0.0024905793566417215), poor (0.002568017389144341), cheap (0.002521705647519696), 
,,,,,,,,,,,,,,,,,,,,
beat (0.0021809079236646523), clear (0.0021507999145375057), year (0.0021762949622109087), need (0.0021992541601580755), design (0.0021564723835507133), long (0.0021061629713681365), say (0.002223965357944485), clear (0.0021644485860971893), rang (0.0021917896723899835), way (0.002179121922484528), cheap (0.0024353489219701), connect (0.0024612518553429243), got (0.002571771589695074), still (0.0026711388089457437), head (0.0025747677689643097), got (0.0026129151629921145), never (0.002506398263926593), put (0.0024882591466581306), someth (0.002540371265251888), poor (0.00251047095952353), 
,,,,,,,,,,,,,,,,,,,,
could (0.0021749696374745095), rang (0.0021352425913719877), say (0.002156442784562162), rang (0.002196678921079429), could (0.002134611900103382), seem (0.0021010909352834253), year (0.002222662507697792), say (0.0021369842836286342), year (0.0021917896723899835), soni (0.0021765090664465415), plug (0.0024231384362536005), head (0.002442857337487096), cancel (0.002543968649296372), ive (0.002618564466625739), right (0.0025715434871854087), need (0.0025681241543463566), wire (0.002488054905232448), realli (0.002475000803894754), week (0.0025386647143943292), come (0.0024851126637607563), 
,,,,,,,,,,,,,,,,,,,,
say (0.002136377666201677), way (0.0021144994938179632), could (0.0020981270127189687), clear (0.0021580503348997276), soni (0.0021178950598201283), could (0.002096018899198714), seem (0.002167942797336695), cancel (0.0021356764597015602), way (0.0021865335820166914), without (0.0021412355099337233), cant (0.0024051440362503384), amazon (0.0024385871815562786), didnt (0.002520931927251733), batteri (0.0026022482914229788), ive (0.002516730696944094), cabl (0.0025428492280391074), batteri (0.002484892257181733), issu (0.0024647255882531372), want (0.0025233057566762997), seem (0.0024632852699396344), 
,,,,,,,,,,,,,,,,,,,,
clear (0.0021227512971945966), could (0.0020678275243214087), without (0.0020819971183793622), pretti (0.002150324617663787), long (0.002092176843999738), pretti (0.0020884108450716474), first (0.002144491492896225), soni (0.002091210446181043), could (0.0021655092205235217), long (0.0021386226538957368), never (0.0023598367076706956), charg (0.0023952286751818264), never (0.0025165628937605087), broke (0.002594271494657185), bose (0.002516372443413105), old (0.0025354907051901615), seem (0.002467181428097731), new (0.002419315764288572), plastic (0.0025035097667286178), doesnt (0.0024575074303987495), 
,,,,,,,,,,,,,,,,,,,,
long (0.0021065209001366186), seem (0.0020522702011558907), long (0.002079515596173269), bluetooth (0.0021490369981244637), frequenc (0.0020780318252985237), cancel (0.0020820707999657587), soni (0.002130160140182604), pretti (0.0020676696154937105), soni (0.0021549970397769366), clear (0.002116413377572851), didnt (0.0023572660790988006), littl (0.002388330730985891), piec (0.0024800218863793573), thing (0.002574692084413873), made (0.002484846132686074), know (0.0025351707694141203), doesnt (0.0024266995330485827), seem (0.002418984305719488), piec (0.002499755354841988), piec (0.0024453097691457693), 
,,,,,,,,,,,,,,,,,,,,
lot (0.0020717591923460595), first (0.0020470844267673842), frequenc (0.0020733117906580356), frequenc (0.0021310103245739363), clear (0.0020626008958062893), clear (0.002079534781923403), clear (0.002110617386482212), without (0.002053283552295896), long (0.0020511892549044115), wire (0.0020942041012499656), piec (0.002321598607663763), side (0.0023682938454643635), littl (0.0024609570129631047), around (0.002542784897350698), devic (0.002484129625624096), ive (0.0025002977698256375), new (0.002411202557600081), way (0.0023835182388274555), know (0.0024038471966471827), design (0.002416099580355739), 
,,,,,,,,,,,,,,,,,,,,
pretti (0.0020603097356778253), pretti (0.0020457879831702577), pretti (0.0020472558074940556), long (0.002119421748720026), without (0.002053599520269153), lot (0.0020769987638810474), without (0.0020585033766145006), first (0.002050667904441748), without (0.0020130825996980415), first (0.0020928976732309725), thing (0.002319670636234842), bluetooth (0.0023456291716777177), cheap (0.002451424576254978), cheap (0.0025112402919586947), give (0.0024246595394799247), charg (0.0024970984120652262), hear (0.0023953893173465075), poor (0.0023626363489751374), order (0.0023755184524117063), hear (0.0024106427319004584), 
,,,,,,,,,,,,,,,,,,,,
bud (0.002052607874934693), bud (0.0020457879831702577), seem (0.0020398112408757754), without (0.00204860267405724), pretti (0.0020343108584038603), first (0.0020617826556269137), could (0.0019868466130463975), could (0.002021895778046119), plug (0.001986802147831579), lot (0.002090284817192986), turn (0.0023171000076629474), poor (0.0023413590157469006), connect (0.002427593484484662), cabl (0.0024927486267289), littl (0.002359815650370918), stop (0.002491979439648568), plug (0.0023922266692957927), custom (0.0023172265250105727), receiv (0.0023618660455512358), way (0.0023647410066589816), 
,,,,,,,,,,,,,,,,,,,,
without (0.002031596537486971), without (0.0020302306600047397), soni (0.002038570479772729), could (0.0020383017177426532), control (0.0020278813044487627), soni (0.0020592466375845583), pretti (0.001959486757865849), bud (0.001989200179869268), lot (0.0019684058315250557), pretti (0.0020628498287941274), way (0.0023055321790894216), thing (0.0022986574564387275), still (0.0024184582326393744), come (0.002492023463386555), still (0.0023512175656271827), batteri (0.002458706118940291), year (0.002388431491634935), plug (0.002312917563612475), got (0.0023567463929785593), new (0.0023502964078067684), 
,,,,,,,,,,,,,,,,,,,,
bluetooth (0.0020158345899196303), plug (0.0020068946752564622), first (0.002007551452196562), lot (0.002026713141888743), seem (0.0020227376612846847), without (0.0020034542406527356), lot (0.0019308240524386075), end (0.0019630437013277873), bud (0.0019657777863384095), could (0.0020367212684142618), anoth (0.0022621528219386997), plug (0.0022858469886462758), want (0.002380328485806869), new (0.002439086539395378), call (0.0023089436489704823), fit (0.00244142958703407), cancel (0.0023659766904748606), left (0.002292698590898326), old (0.0023342199216587825), soni (0.0023336048713553225), 
,,,,,,,,,,,,,,,,,,,,
first (0.0019525939086835356), end (0.0019654084801484137), lot (0.002007551452196562), first (0.0019893721752483645), lot (0.0019841603375540997), end (0.0019920421594621356), plug (0.0019204012504650653), seem (0.001949965462057047), first (0.001956579628185148), bluetooth (0.002023656988224329), complet (0.002239017164791648), star (0.0022756643091189424), cant (0.002379136931218353), run (0.002434372977670136), thing (0.0022971212824478456), thing (0.0024407897154819875), wear (0.0023172719104938544), fit (0.002285406502378469), cancel (0.0023226153758273828), still (0.0023332838802697176), 
,,,,,,,,,,,,,,,,,,,,
mid (0.0019410617844581302), love (0.001926515172234618), low (0.001949235680353369), seem (0.001976495979855131), wire (0.0019610139433157486), bud (0.0019869701233774244), bud (0.001891738545037824), plug (0.0019395028706404548), mid (0.0019394973344719474), frequenc (0.0020001412838824505), littl (0.0022325905933619113), right (0.0022559558971305548), head (0.0022961252948850855), turn (0.0024332852326566187), cant (0.0022921057330139998), wire (0.00241871414693515), left (0.0022897568724526366), star (0.0022704908667696704), hear (0.0023202262046268), want (0.0023284690139856465), 
,,,,,,,,,,,,,,,,,,,,
wire (0.0019329190300767507), soni (0.0019083649618748468), plug (0.001915735130571109), though (0.0019185531005855789), first (0.001959728032524729), control (0.001981898087292713), end (0.0018278988829498774), lot (0.0019342715749321585), seem (0.0019368692892853014), bud (0.0019648677273696323), want (0.002218452136216491), find (0.0022480725323351996), around (0.0022838125641370887), littl (0.0024195071291520658), someth (0.0022788503523674076), never (0.0024103958167580805), devic (0.0022853291651816357), charg (0.002251266269762774), earphon (0.0023089629689669123), old (0.0023246171209583897), 
,,,,,,,,,,,,,,,,,,,,
seem (0.0018995626707581047), frequenc (0.0019005863002920878), bud (0.0018884383863040824), bud (0.0019108273833496384), bud (0.001952012567778612), plug (0.001970486006102113), overal (0.0018187789312230278), play (0.0018767273221409009), end (0.0019302991763186857), control (0.0019335134549137937), amazon (0.0022043136790710705), devic (0.0022434739028712428), know (0.0022758688668803166), never (0.002404278698962823), around (0.0022684609999687267), anoth (0.0023457687899977727), need (0.0022628743640215614), devic (0.0022035362358146186), hour (0.0023004302146791182), head (0.002296690896510778), 
,,,,,,,,,,,,,,,,,,,,
connect (0.0018727232705298012), find (0.0018966969695007082), think (0.0018760307752736158),,,,,,,,,,,,,,,,,,
 wire (0.0018915130902597878), end (0.0019327239059133193), though (0.001940053789593846), control (0.0018083561292494856), overal (0.0018688803785784566), wire (0.00190664676963887), end (0.001906078466514935), someth (0.002202707036213636), cancel (0.0022418315352055436), batteri (0.0022703082788005763), made (0.002403553535620478), feel (0.002240517224551586), around (0.0023425694322373614), receiv (0.002258446656750561), made (0.0022025418601073652), didnt (0.0022666405076994535), year (0.0022889871104562645), ,,,
,,,,,,,,,,,,,,,,,,,,
frequenc (0.0018355642035812723), lot (0.001886325420723696), end (0.001853697075418776), overal (0.0018915130902597878), plug (0.0019185788872121048), mid (0.001934981753509135), give (0.0018031447282627145), love (0.0018584177871618643), think (0.0018856224081457002), think (0.0019047720384959418), ive (0.002194352493354979), ive (0.002241503061672404), side (0.002230986977379555), hear (0.002385061870390683), way (0.0022269035903740046), want (0.002338410267148827), run (0.0022185972913115557), doesnt (0.0021892835173439886), connect (0.002218174463344783), batteri (0.002262986832522281), 
,,,,,,,,,,,,,,,,,,,,
trebl (0.0018300392551769862), mid (0.0018759538719466838), mani (0.0018400487032852624), plug (0.0018876502316418175), low (0.0019070056900929292), wire (0.0019159616181914682), mid (0.0017979333272759431), wire (0.0018558021393077163), low (0.0018790522951790847), trebl (0.0018577406298121843), head (0.002180856693352532), cant (0.0021856625610386393), fit (0.0021876938273301476), design (0.0023716463485573026), beat (0.0022258288297810377), see (0.0022878604145343284), issu (0.0021974075493717674), start (0.0021700589203370924), head (0.0022144200514581536), charg (0.002246295296070835), 
,,,,,,,,,,,,,,,,,,,,
end (0.001814828424657455), wire (0.0018733609847524308), overal (0.001838807942182216), play (0.0018670483190126436), bluetooth (0.0019057197793019098), frequenc (0.0018753853295137787), frequenc (0.0017953276267825577), control (0.001847955195745272), bluetooth (0.0018488297755326533), seem (0.0018433699216032582), left (0.002167682221921572), around (0.0021708812520473486), broke (0.0021686289539138946), know (0.0023372010897959204), want (0.002216514237975324), side (0.002276022790820807), start (0.0021974075493717674), bose (0.0021627668318172353), part (0.002212030880257571), broke (0.002223825920078504), 
,,,,,,,,,,,,,,,,,,,,
low (0.0018064927793093421), overal (0.0018526178871984065), bluetooth (0.0018313633755639358), trebl (0.0018657606994733201), play (0.001842710150541954), overal (0.001874117320492601), trebl (0.001792721926289172), put (0.0018348769564745318), find (0.0018409456399727147), overal (0.0018394506375462784), cancel (0.0021631836219207566), way (0.002163983307851413), devic (0.0021563162231658982), want (0.0023226978229490226), old (0.002205766632045654), made (0.0022149150575969515), didnt (0.002196458754956553), cheap (0.0021332670191687225), custom (0.0022110069497430357), didnt (0.0022228629468216896), 
,,,,,,,,,,,,,,,,,,,,
though (0.0018059692181139236), think (0.001848728556407027), two (0.0018301226144608893), plastic (0.0018464464063834695), mid (0.00182727922104972), trebl (0.001856365194196112), wire (0.0017849048248090153), though (0.0018335691325474578), love (0.0018396316173793915), plug (0.0018303056414133256), issu (0.0021403692933451915), put (0.0021442748958630255), turn (0.0021535359291260277), head (0.0023110952094715044), broke (0.0022036171108597204), doesnt (0.0022101160209563346), differ (0.0021477539749755466), want (0.0021269693063561187), made (0.0021983784733971006), put (0.0021891588828331925), 
,,,,,,,,,,,,,,,,,,,,
plastic (0.001803227410801073), bluetooth (0.0018227996844644965), mid (0.001820196525636516), control (0.0018309949719115888), find (0.001822135577885642), low (0.001844953113005512), bluetooth (0.0017849048248090153), give (0.0018231065411308653), overal (0.0018146651881062526), plastic (0.0018263863573563458), need (0.002140047964773705), run (0.002141975581131047), give (0.0021340738708469364), call (0.0023027558310345377), put (0.002197526800832908), head (0.002165644948086618), poor (0.00212909435147633), warranti (0.0021133795050236577), cant (0.0021796064139639536), differ (0.0021747142839809797), 
,,,,,,,,,,,,,,,,,,,,
think (0.001799355813540214), size (0.001816317466478864), wire (0.0018177150034304225), give (0.0018309949719115888), think (0.001822135577885642), think (0.001844953113005512), find (0.001780996274068937), plastic (0.0018165674214954952), frequenc (0.0018067810525463138), though (0.0018211606452803728), know (0.0021342640504869418), cheap (0.0021337637428025524), feel (0.0021285132827671962), someth (0.0023009429226786755), receiv (0.0021914364908060947), high (0.002160845911446001), long (0.0021202389369343287), high (0.0020987953279839435), cabl (0.002170391039333136), cant (0.002146146077362158), 
,,,,,,,,,,,,,,,,,,,,
control (0.0017971237894965871), though (0.0018085388048961048), less (0.0018139927201212826), low (0.001828419732832942), love (0.0018092764699754469), find (0.0018335410318149118), low (0.0017770877233288587), bluetooth (0.0018034891822247547), speaker (0.0018054670299529909), low (0.0018159349332043996), start (0.002105987136196101), didnt (0.002120296327943821), start (0.0021273217281786803), feel (0.002296591942624606), custom (0.0021788976172214805), seem (0.0021518877097168494), put (0.0020993654597996118), connect (0.002091171780895002), charg (0.002157421252815689), star (0.002135874362622807), 
,,,,,,,,,,,,,,,,,,,,
excel (0.001795718441024674), low (0.0017981672561190928), though (0.001812751959018236), two (0.0018181187765183551), two (0.0017938455404832127), bluetooth (0.0018208609416031339), back (0.0017718763223420874), think (0.0017877952950998664), ipod (0.0018015249621730215), give (0.0017898063728245344), old (0.0020976325933374437), feel (0.002117011592612423), howev (0.002093958199700238), beat (0.0022831764207912257), plastic (0.002133399418785879), new (0.00214356937953978), cheap (0.002056669711114963), stay (0.002091171780895002), ive (0.0021519602900715007), wear (0.002123676701369827), 
,,,,,,,,,,,,,,,,,,,,
devic (0.0017859223354998672), mani (0.0017929814817305865), give (0.0018102704368121426), back (0.0018168311569790316), ipod (0.0017912737189011737), size (0.0017866246980313336), love (0.001757544969628467), two (0.0017851796472457182), put (0.0017988969169863752), back (0.0017871935167865479), speaker (0.0020632504361883528), receiv (0.0021163546455461434), need (0.0020880004267576587), devic (0.002263959592219086), side (0.0021222935593252206), way (0.0021422896364356155), cant (0.002052558268649034), cancel (0.0020908403223259173), stop (0.0021505950493854536), give (0.0021060221916615668), 
,,,,,,,,,,,,,,,,,,,,
give (0.0017755475570748608), play (0.0017877957073420805), love (0.001790418259163396), love (0.0018000921029678277), overal (0.0017784146109909788), plastic (0.0017853566890101557), though (0.001756242119381774), find (0.0017760248797562001), two (0.001797582894393052), find (0.0017780485206535948), put (0.002057145193330103), new (0.0021094567013502075), someth (0.002053048158827862), play (0.002190718094642252), howev (0.0021000818404039033), design (0.002128532398065847), anoth (0.002037061293200532), head (0.002083879692375145), way (0.0021505950493854536), around (0.0020870837176108874), 
,,,,,,,,,,,,,,,,,,,,
overal (0.0017742799878648998), give (0.0017579775046081705), control (0.0017804921703390227), mid (0.001797516863889181), trebl (0.001756554127543647), less (0.0017815526619466223), sennheis (0.0017458193174082317), batteri (0.001773409231902052), size (0.0017870707136464674), put (0.0017715163805586286), beat (0.002042685407613196), someth (0.002093033024693218), poor (0.0020447072767082516), left (0.0021569979992232145), turn (0.0020828856709164323), plastic (0.0021246931687533533), fit (0.002027573349048388), find (0.0020759246867171188), less (0.0021321643001238184), someth (0.002069429207902627), 
,,,,,,,,,,,,,,,,,,,,
back (0.0017694301578441796), put (0.0017450130686369053), find (0.001771806842617696), end (0.00177433971218136), though (0.0017501245735885495), love (0.0017815526619466223), mani (0.0017380022159280751), excel (0.0017537918729959414), take (0.0017857566910531443), sennheis (0.001768903524520642), small (0.0020378654790408936), custom (0.0020611710919786583), high (0.002041926982668381), old (0.0021537347641826625), differ (0.0020467020642865445), soni (0.002108696379951297), want (0.002022196847362173), know (0.0020689640567663464), cheap (0.0021069073474319477), run (0.0020630093861905324), 
,,,,,,,,,,,,,,,,,,,,
sennheis (0.0017529104243361017), two (0.0017372344070541463), excel (0.0017693253204116026), mani (0.0017653263754060964), less (0.0017244063577681594), two (0.0017790166439042667), two (0.0017327908149413038), includ (0.0017537918729959414), control (0.0017805006006798517), play (0.0017610649564066825), receiv (0.002035294850468999), need (0.002057229409580981), stop (0.0020375579491771567), star (0.0021279914655294185), seem (0.002019833049462371), complet (0.0021051770864148446), read (0.0019564137679073073), never (0.0020371440341342426), case (0.0021045181762313655), call (0.00204182397454062), 
